{"long": {}, "short": {}, "BTC": 1.609247285098446, "ETH": 1.5252403332213906, "DOGE": 1.6464392415601938, "SOL": 3.330098812478055, "LTC": 1.6046606519635682, "UNI": 1.598435756777945, "LINK": 1.59170791945799, "ARB": 0.9393077997497754, "XRP": 1.606810177898287, "BNB": 1.5074422294419554, "AAVE": 0.9276979159112877, "ATOM": 1.039646838531518, "NEAR": 1.083152368375854, "AVAX": 1.019493531997548, "OP": 0.7135840448621857, "BTC2": 0.8309177813040108, "ETH2": 0.8726775328118067, "GMX": 0.8912042831108349}