{"long": {"BTC": 0.0004163355185696659, "ETH": -0.0018800390270054827, "DOGE": -0.0035786003265481465, "SOL": -0.0013432444826880963, "LTC": 5.4898973396586874e-05, "UNI": -0.0019999980516109445, "LINK": -0.002506255588931468, "ARB": 0.002255011240578331, "XRP": 0.002580193164536394, "BNB": 0.0015745759007514495, "AAVE": -0.003990269462737148, "ATOM": 0.0051960815997794535, "NEAR": -0.0017409134428233444, "AVAX": 0.003957383896389988, "OP": 0.0049110441534669525, "BTC2": 0.0011249929639556276, "ETH2": -0.002844304559580621, "GMX": -0.0003808304610331079}, "short": {"BTC": -0.0004680069476359017, "ETH": 0.0019066153902656368, "DOGE": 0.003697593754665185, "SOL": 0.0014282086339595865, "LTC": -0.000108, "UNI": 0.001760860622229564, "LINK": 0.0025099237481170157, "ARB": -0.0021696109217612188, "XRP": -0.0033414905844744813, "BNB": -0.0008148785627209178, "AAVE": 0.0036073731073145003, "ATOM": -0.004965458667837263, "NEAR": 0.0012135442561067686, "AVAX": -0.005119153161912191, "OP": -0.004521373428723428, "BTC2": -0.0016879980809140613, "ETH2": 0.00302886163856482, "GMX": 0.00042754179287749736}}